Features,Strength
"(4, 6)",1.2045932278037113
"(5, 6)",1.1745441704988553
"(1, 2)",1.1343310818076193
"(3, 6)",0.7161474883556527
"(1, 2, 6)",0.6051016978919527
"(1, 2, 4, 6)",0.5674450129270581
"(4, 8)",0.5403136210516198
"(1, 2, 3, 4, 5, 6, 7, 8)",0.42569416771804314
