Features,Strength
"(5, 6)",0.8913367941975594
"(1, 2)",0.6021691359579563
"(1, 2, 4, 6)",0.48338562771677973
"(4, 8)",0.39769850969314574
"(6, 7)",0.3855429645627737
"(1, 2, 4, 5, 6)",0.3436871901154518
"(5, 6, 7)",0.3083654448390007
"(3, 6)",0.28484129905700684
"(1, 2, 5, 6, 7)",0.24180842489004134
"(1, 2, 3, 4, 5, 6, 7, 8)",0.22668006396001275
