Features,Strength
"(1, 5)",9.594056958633013
"(1, 2, 3, 4, 5, 6, 7, 8)",5.853264597272977
"(4, 7)",3.2252283678376967
"(1, 4)",3.077445976064129
"(4, 6)",2.8540927441325037
"(1, 8)",1.932463851571083
"(3, 4)",1.8943004048964371
"(1, 3, 5)",1.3526167921721934
"(4, 5)",1.165036827325821
"(1, 4, 5)",1.0168657280504703
"(1, 4, 5, 8)",0.8813900843262672
"(2, 6)",0.7767963886261626
"(2, 4)",0.6768742054701642
