Features,Strength
"(3, 13)",1.0483200591762717e-27
"(5, 10)",7.695446849176331e-28
"(1, 2, 3, 4, 5, 6, 7, 8, 9, 10, 11, 12, 13, 14, 15)",6.731345165017588e-28
